{
    "default": [
        -0.1,
        -0.19,
        -0.19,
        -0.09950249999999998
    ],
    "just_posted_to_twitter": [
        0.0,
        -0.1,
        0.0,
        -0.009500000000000001
    ],
    "just_posted_to_telegram": [
        0.0,
        -0.1,
        -0.1,
        -0.009500000000000001
    ],
    "waiting_for_news": [
        0.0,
        0.0,
        0.0,
        -0.1095
    ]
}